{"weight_1":0.1129835695028305,"pde_loss":0.0010969138238579035,"gradients/graph_1f3.0.weight":{"_type":"histogram","values":[2,0,0,0,0,0,0,0,0,0,0,0,0,0,0,0,0,0,0,1,0,0,0,0,0,0,0,0,0,0,0,0,1,0,0,0,0,1,1,0,0,0,1,1,4,4,4,11,6,3,6,0,0,0,0,1,0,0,1,0,0,0,0,2],"bins":[-0.0024988907389342785,-0.0024463459849357605,-0.002393801463767886,-0.002341256709769368,-0.00228871195577085,-0.002236167434602976,-0.002183622680604458,-0.00213107792660594,-0.002078533172607422,-0.0020259886514395475,-0.0019734438974410295,-0.0019208991434425116,-0.0018683545058593154,-0.0018158098682761192,-0.0017632651142776012,-0.001710720476694405,-0.001658175839111209,-0.001605631085112691,-0.001553086331114173,-0.0015005416935309768,-0.0014479970559477806,-0.0013954523019492626,-0.0013429076643660665,-0.0012903630267828703,-0.0012378182727843523,-0.0011852736352011561,-0.0011327288812026381,-0.001080184243619442,-0.0010276396060362458,-0.0009750948520377278,-0.0009225502144545317,-0.0008700054604560137,-0.0008174608228728175,-0.0007649161852896214,-0.0007123714312911034,-0.0006598267937079072,-0.0006072820397093892,-0.000554737402126193,-0.0005021927645429969,-0.0004496480105444789,-0.00039710337296128273,-0.00034455861896276474,-0.0002920139813795686,-0.00023946934379637241,-0.00018692458979785442,-0.00013437995221465826,-8.183525642380118e-05,-2.9290560632944107e-05,2.325413515791297e-05,7.579883094877005e-05,0.00012834352673962712,0.00018088816432282329,0.00023343286011368036,0.00028597755590453744,0.0003385222516953945,0.00039106691838242114,0.0004436116141732782,0.0004961562808603048,0.0005487009766511619,0.000601245672442019,0.0006537903682328761,0.0007063350640237331,0.0007588797016069293,0.0008114243973977864,0.0008639690931886435]},"gradients/graph_1f2.0.0.weight":{"_type":"histogram","values":[6,1,3,3,3,3,4,2,3,2,3,5,3,2,0,2,0,5,1,4,5,5,15,16,26,37,51,65,105,138,205,578,520,200,126,91,83,40,26,26,17,7,6,9,3,1,1,1,4,1,3,4,1,5,1,2,3,3,2,3,1,5,2,2],"bins":[-0.00016211486945394427,-0.00015703590179327875,-0.00015195694868452847,-0.00014687798102386296,-0.00014179902791511267,-0.00013672006025444716,-0.00013164110714569688,-0.00012656213948503137,-0.00012148317910032347,-0.00011640421871561557,-0.00011132525833090767,-0.00010624629794619977,-0.00010116733028553426,-9.608836990082636e-05,-9.100940951611847e-05,-8.593044913141057e-05,-8.085148874670267e-05,-7.577252836199477e-05,-7.069356797728688e-05,-6.561460759257898e-05,-6.053564720787108e-05,-5.545667954720557e-05,-5.037771916249767e-05,-4.529875877778977e-05,-4.0219798393081874e-05,-3.5140838008373976e-05,-3.0061870347708464e-05,-2.498291723895818e-05,-1.9903949578292668e-05,-1.4824996469542384e-05,-9.746028808876872e-06,-4.667075700126588e-06,4.118774086236954e-07,5.4908450692892075e-06,1.0569798178039491e-05,1.5648765838705003e-05,2.0727718947455287e-05,2.58066866081208e-05,3.088563971687108e-05,3.5964607377536595e-05,4.104356776224449e-05,4.612252814695239e-05,5.120148853166029e-05,5.6280448916368186e-05,6.13594165770337e-05,6.64383769617416e-05,7.15173373464495e-05,7.659629773115739e-05,8.167525811586529e-05,8.675421850057319e-05,9.183317888528109e-05,9.691213926998898e-05,0.00010199109965469688,0.0001070700673153624,0.00011214902770007029,0.00011722798808477819,0.0001223069557454437,0.00012738590885419399,0.0001324648765148595,0.00013754382962360978,0.0001426227972842753,0.00014770175039302558,0.0001527807180536911,0.00015785967116244137,0.00016293863882310688]},"MSE":5.214695306676731e-07,"_step":20999,"gradients/graph_1f1.0.bias":{"_type":"histogram","values":[2,0,0,1,2,0,0,0,0,1,1,0,0,0,1,0,0,1,1,0,1,0,2,4,1,2,1,0,2,1,1,3,0,3,2,2,1,1,0,2,0,1,1,0,1,1,0,1,1,1,0,0,1,0,0,0,1,0,0,0,0,1,0,1],"bins":[-0.00019123009406030178,-0.00018493046809453517,-0.00017863084212876856,-0.00017233123071491718,-0.00016603160474915057,-0.00015973197878338397,-0.00015343235281761736,-0.00014713272685185075,-0.00014083310088608414,-0.00013453347492031753,-0.00012823386350646615,-0.00012193423026474193,-0.00011563461157493293,-0.00010933498560916632,-0.00010303535964339972,-9.673574095359072e-05,-9.043611498782411e-05,-8.41364890220575e-05,-7.783687033224851e-05,-7.15372443664819e-05,-6.523761840071529e-05,-5.893799243494868e-05,-5.2638366469182074e-05,-4.6338755055330694e-05,-4.0039129089564085e-05,-3.3739503123797476e-05,-2.7439877158030868e-05,-2.114025119226426e-05,-1.484062522649765e-05,-8.54101381264627e-06,-2.241387846879661e-06,4.058238118886948e-06,1.0357864084653556e-05,1.6657490050420165e-05,2.2957116016186774e-05,2.9256741981953382e-05,3.555635339580476e-05,4.185597936157137e-05,4.815560532733798e-05,5.445523129310459e-05,6.07548572588712e-05,6.70544832246378e-05,7.335409463848919e-05,7.96537206042558e-05,8.59533465700224e-05,9.225297253578901e-05,9.855259850155562e-05,0.00010485221719136462,0.00011115184315713122,0.00011745146912289783,0.00012375108781270683,0.00013005071377847344,0.00013635033974424005,0.00014264995115809143,0.00014894959167577326,0.00015524920308962464,0.00016154882905539125,0.00016784845502115786,0.00017414808098692447,0.00018044770695269108,0.0001867473329184577,0.0001930469588842243,0.00019934657029807568,0.00020564619626384228,0.0002119458222296089]},"_runtime":66.8249343,"loss":0.00041684971074573696,"boundary_loss_1":1.1487786366615182e-07,"weight_0":0.6839874982833862,"gradients/graph_1f3.0.bias":{"values":[1],"bins":[-7.852562703192234e-06,-7.852562703192234e-06],"_type":"histogram"},"gradients/graph_1f2.1.0.weight":{"bins":[-0.0006106100045144558,-0.000592382624745369,-0.0005741551867686212,-0.0005559278069995344,-0.0005377003690227866,-0.0005194729892536998,-0.000501245551276952,-0.0004830181715078652,-0.00046479073353111744,-0.0004465633537620306,-0.00042833591578528285,-0.000410108536016196,-0.0003918811271432787,-0.0003736537182703614,-0.00035542630939744413,-0.00033719890052452683,-0.00031897149165160954,-0.00030074408277869225,-0.00028251667390577495,-0.00026428926503285766,-0.00024606185615994036,-0.00022783444728702307,-0.00020960703841410577,-0.00019137962954118848,-0.00017315224977210164,-0.00015492484089918435,-0.00013669743202626705,-0.0001184699940495193,-0.00010024261428043246,-8.201517630368471e-05,-6.378779653459787e-05,-4.556035855785012e-05,-2.7332978788763285e-05,-9.105599019676447e-06,9.121838957071304e-06,2.7349218726158142e-05,4.557665670290589e-05,6.380403647199273e-05,8.203147444874048e-05,0.00010025888332165778,0.00011848629219457507,0.0001367136719636619,0.0001549410808365792,0.0001731684897094965,0.0001913958985824138,0.0002096233074553311,0.00022785071632824838,0.0002460781252011657,0.00026430553407408297,0.00028253294294700027,0.00030076035181991756,0.00031898776069283485,0.00033721516956575215,0.00035544257843866944,0.0003736699582077563,0.00039189739618450403,0.00041012477595359087,0.0004283522139303386,0.00044657959369942546,0.00046480700257234275,0.00048303441144526005,0.0005012618494220078,0.0005194892291910946,0.0005377166671678424,0.0005559440469369292],"_type":"histogram","values":[1,0,1,0,0,0,0,0,0,0,0,0,1,0,0,0,0,0,0,1,1,0,8,8,4,17,34,9,19,26,47,125,346,1229,350,96,45,34,16,8,32,12,5,9,6,3,1,1,0,1,0,0,0,0,1,1,0,0,0,0,0,0,1,1]},"boundary_loss_0":1.0981116105313049e-07,"_timestamp":1.737845662790172e+09,