{"boundary_loss_0":0.11048787087202072,"boundary_loss_1":0.00624105567112565,"pde_loss":2.1540517807006836,"MSE":0.06626079231500626,"weight_0":1,"loss":2.2707808017730713,"_wandb":{"runtime":6},"_runtime":1.5084954000000002,"_step":59,"_timestamp":1.7341035046984189e+09,"weight_1":1}