{"gradients/graph_5f2.0.0.bias":{"_type":"histogram","values":[1,0,0,0,0,0,0,0,0,0,0,1,1,1,2,2,6,7,8,13,9,6,10,3,3,9,4,3,3,1,4,0,0,0,0,0,0,0,1,0,0,0,0,0,0,0,0,1,0,0,0,0,0,0,0,0,0,0,0,0,0,0,0,1],"bins":[-8.726319720153697e-06,-8.330263881362043e-06,-7.934208952065092e-06,-7.538153113273438e-06,-7.1420977292291354e-06,-6.746042345184833e-06,-6.349986506393179e-06,-5.953931122348877e-06,-5.557875738304574e-06,-5.1618198995129205e-06,-4.765764515468618e-06,-4.369709131424315e-06,-3.973653292632662e-06,-3.577597908588359e-06,-3.1815425245440565e-06,-2.785486685752403e-06,-2.3894313017081004e-06,-1.9933759176637977e-06,-1.5973200788721442e-06,-1.2012646948278416e-06,-8.05209310783539e-07,-4.0915347199188545e-07,-1.3098542694933712e-08,3.829572960967198e-07,7.790131348883733e-07,1.175068064185325e-06,1.5711239029769786e-06,1.967179741768632e-06,2.363234671065584e-06,2.7592905098572373e-06,3.155346348648891e-06,3.5514012779458426e-06,3.947457116737496e-06,4.34351295552915e-06,4.739567884826101e-06,5.135623723617755e-06,5.531679562409408e-06,5.92773449170636e-06,6.323790330498014e-06,6.719846169289667e-06,7.115901098586619e-06,7.511956937378272e-06,7.908012776169926e-06,8.304067705466878e-06,8.700123544258531e-06,9.096178473555483e-06,9.492234312347136e-06,9.88829015113879e-06,1.0284345989930443e-05,1.0680400919227395e-05,1.1076456758019049e-05,1.1472511687316e-05,1.1868567526107654e-05,1.2264623364899307e-05,1.2660679203690961e-05,1.3056734132987913e-05,1.3452789971779566e-05,1.3848844901076518e-05,1.4244900739868172e-05,1.4640956578659825e-05,1.5037011507956777e-05,1.543306643725373e-05,1.5829122276045382e-05,1.6225178114837036e-05,1.662123395362869e-05]},"gradients/graph_5f1.0.weight":{"values":[1,0,0,1,0,0,0,0,1,0,0,0,0,1,1,1,1,2,1,0,0,1,2,0,3,3,2,5,5,5,8,1,6,4,4,2,5,6,0,0,6,4,4,4,2,0,2,0,2,1,2,0,0,0,0,0,0,0,0,0,0,0,0,1],"bins":[-1.6568239516345784e-05,-1.6078663975349627e-05,-1.5589086615364067e-05,-1.509951107436791e-05,-1.4609935533371754e-05,-1.4120359082880896e-05,-1.3630782632390037e-05,-1.314120709139388e-05,-1.2651630640903022e-05,-1.2162054190412164e-05,-1.1672478649416007e-05,-1.1182902198925149e-05,-1.069332574843429e-05,-1.0203750207438134e-05,-9.714173756947275e-06,-9.224597306456417e-06,-8.73502176546026e-06,-8.245445314969402e-06,-7.755869773973245e-06,-7.266293323482387e-06,-6.77671778248623e-06,-6.287141331995372e-06,-5.797564881504513e-06,-5.307989340508357e-06,-4.818412890017498e-06,-4.32883643952664e-06,-3.839260898530483e-06,-3.349684448039625e-06,-2.8601079975487664e-06,-2.37053245655261e-06,-1.8809560060617514e-06,-1.3913804650655948e-06,-9.018058335641399e-07,-4.122293830732815e-07,7.734615792287514e-08,5.669226084137335e-07,1.0564981494098902e-06,1.5460745999007486e-06,2.035651050391607e-06,2.5252265913877636e-06,3.014803041878622e-06,3.5043794923694804e-06,3.993955033365637e-06,4.4835314838564955e-06,4.973107934347354e-06,5.4626834753435105e-06,5.952259925834369e-06,6.4418354668305255e-06,6.931411917321384e-06,7.4209879130648915e-06,7.910563908808399e-06,8.400140359299257e-06,8.889715900295414e-06,9.379292350786272e-06,9.86886880127713e-06,1.0358444342273287e-05,1.0848020792764146e-05,1.1337597243255004e-05,1.1827172784251161e-05,1.231674923474202e-05,1.2806325685232878e-05,1.3295901226229034e-05,1.3785477676719893e-05,1.427505321771605e-05,1.4764629668206908e-05],"_type":"histogram"},"boundary_loss_0":7.887379638304992e-11,"gradients/graph_5f3.0.weight":{"values":[1,0,0,0,0,0,0,1,0,0,0,0,0,0,0,0,1,0,0,0,0,0,0,1,3,1,1,4,2,7,9,2,6,3,5,1,0,1,0,0,0,0,1,2,0,1,0,1,0,0,2,2,7,1,7,3,2,6,6,3,5,1,0,1],"bins":[-5.960446287645027e-05,-5.8224584790878e-05,-5.684471034328453e-05,-5.546483225771226e-05,-5.4084957810118794e-05,-5.270507972454652e-05,-5.132520163897425e-05,-4.9945327191380784e-05,-4.856544910580851e-05,-4.7185574658215046e-05,-4.5805696572642773e-05,-4.44258184870705e-05,-4.3045944039477035e-05,-4.166606959188357e-05,-4.02861915063113e-05,-3.8906313420739025e-05,-3.752643533516675e-05,-3.614656088757329e-05,-3.476668643997982e-05,-3.338680835440755e-05,-3.2006930268835276e-05,-3.0627052183263004e-05,-2.924717773566954e-05,-2.7867299650097266e-05,-2.64874252025038e-05,-2.5107547116931528e-05,-2.3727672669338062e-05,-2.234779458376579e-05,-2.0967916498193517e-05,-1.9588042050600052e-05,-1.820816396502778e-05,-1.6828289517434314e-05,-1.5448413250851445e-05,-1.4068535165279172e-05,-1.2688660717685707e-05,-1.1308782632113434e-05,-9.928908184519969e-06,-8.549030098947696e-06,-7.169152013375424e-06,-5.789277565781958e-06,-4.409399480209686e-06,-3.0295250326162204e-06,-1.6496469470439479e-06,-2.697706804610789e-07,1.1101055861217901e-06,2.489981852704659e-06,3.869859938276932e-06,5.249736204859801e-06,6.62961247144267e-06,8.009488738025539e-06,9.389365004608408e-06,1.076924309018068e-05,1.2149119356763549e-05,1.3528995623346418e-05,1.4908871889929287e-05,1.6288748156512156e-05,1.766862624208443e-05,1.9048500689677894e-05,2.0428378775250167e-05,2.1808255041833036e-05,2.3188131308415905e-05,2.4568009393988177e-05,2.5947885660571046e-05,2.7327761927153915e-05,2.8707638193736784e-05],"_type":"histogram"},"gradients/graph_5f1.0.bias":{"bins":[-1.4079836546443403e-05,-1.35994196170941e-05,-1.3119002687744796e-05,-1.2638585758395493e-05,-1.215816882904619e-05,-1.1677751899696887e-05,-1.1197334970347583e-05,-1.071691804099828e-05,-1.0236501111648977e-05,-9.756084182299674e-06,-9.27566725295037e-06,-8.795250323601067e-06,-8.314833394251764e-06,-7.83441646490246e-06,-7.353999535553157e-06,-6.873582606203854e-06,-6.393165676854551e-06,-5.912748747505248e-06,-5.432331818155944e-06,-4.951914888806641e-06,-4.471497959457338e-06,-3.991081030108035e-06,-3.5106641007587314e-06,-3.030247171409428e-06,-2.549830242060125e-06,-2.0694133127108216e-06,-1.5889963833615184e-06,-1.1085794540122151e-06,-6.281625246629119e-07,-1.4774559531360865e-07,3.326713340356946e-07,8.130882633849978e-07,1.2935033737448975e-06,1.7739203030942008e-06,2.254337232443504e-06,2.7347541617928073e-06,3.2151710911421105e-06,3.6955880204914138e-06,4.176004949840717e-06,4.65642187919002e-06,5.1368388085393235e-06,5.617255737888627e-06,6.09767266723793e-06,6.578089596587233e-06,7.0585065259365365e-06,7.53892345528584e-06,8.019340384635143e-06,8.499757313984446e-06,8.98017424333375e-06,9.460591172683053e-06,9.941008102032356e-06,1.042142503138166e-05,1.0901841960730962e-05,1.1382258890080266e-05,1.1862675819429569e-05,1.2343092748778872e-05,1.2823509678128175e-05,1.3303926607477479e-05,1.3784343536826782e-05,1.4264760466176085e-05,1.4745177395525388e-05,1.5225594324874692e-05,1.5706011254223995e-05,1.6186428183573298e-05,1.66668451129226e-05],"_type":"histogram","values":[2,0,0,0,0,1,1,0,0,1,0,0,1,0,0,1,2,0,2,3,5,2,0,9,2,7,5,4,2,1,2,0,4,5,3,3,3,0,0,2,3,1,3,2,2,4,2,2,2,0,3,0,0,0,1,0,0,0,0,1,0,0,0,1]},"boundary_loss_1":2.751221472863108e-11,"MSE":4.0110172960794443e-08,"_wandb":{"runtime":76},