{"loss":3.843725153274136e-06,"_wandb":{"runtime":81},"gradients/f1.0.bias":{"bins":[-1.8264763639308512e-06,-1.7392447944075684e-06,-1.6520132248842856e-06,-1.564781541674165e-06,-1.4775499721508822e-06,-1.3903184026275994e-06,-1.3030867194174789e-06,-1.215855149894196e-06,-1.1286235803709133e-06,-1.0413920108476304e-06,-9.541604413243476e-07,-8.669287581142271e-07,-7.796971885909443e-07,-6.924656190676615e-07,-6.052339358575409e-07,-5.180023663342581e-07,-4.307707968109753e-07,-3.435392272876925e-07,-2.5630765776440967e-07,-1.6907597455428913e-07,-8.184440503100632e-08,5.387164492276497e-09,9.261884770239703e-08,1.7985030353884213e-07,2.6708198674896266e-07,3.543136699590832e-07,4.415451257955283e-07,5.287768090056488e-07,6.160084922157694e-07,7.032399480522145e-07,7.90471631262335e-07,8.777030870987801e-07,9.649347703089006e-07,1.0521664535190212e-06,1.1393979093554663e-06,1.2266295925655868e-06,1.3138610484020319e-06,1.4010927316121524e-06,1.488324414822273e-06,1.575555870658718e-06,1.6627875538688386e-06,1.7500192370789591e-06,1.8372506929154042e-06,1.9244823761255248e-06,2.0117140593356453e-06,2.0989455151720904e-06,2.186177198382211e-06,2.2734088815923315e-06,2.3606403374287765e-06,2.4478717932652216e-06,2.535103476475342e-06,2.6223351596854627e-06,2.709566615521908e-06,2.7967982987320283e-06,2.884029981942149e-06,2.971261437778594e-06,3.0584931209887145e-06,3.145724804198835e-06,3.23295626003528e-06,3.3201879432454007e-06,3.407419626455521e-06,3.4946510822919663e-06,3.581882765502087e-06,3.669114221338532e-06,3.7563459045486525e-06],"_type":"histogram","values":[2,1,1,1,0,0,0,2,0,0,0,1,0,2,2,3,3,12,5,5,10,9,2,12,6,2,4,2,1,0,1,3,0,1,1,0,0,1,1,0,0,0,1,0,0,0,0,0,0,0,0,0,1,0,0,0,0,0,0,0,0,0,0,2]},"_runtime":76.2480688,"gradients/f3.0.weight":{"bins":[-8.144338607962709e-06,-7.88323268352542e-06,-7.622125849593431e-06,-7.361019470408792e-06,-7.099913091224153e-06,-6.8388067120395135e-06,-6.5777003328548744e-06,-6.316594408417586e-06,-6.055487574485596e-06,-5.794381650048308e-06,-5.533274816116318e-06,-5.27216889167903e-06,-5.011062512494391e-06,-4.749956133309752e-06,-4.488849754125113e-06,-4.227743374940474e-06,-3.9666369957558345e-06,-3.7055306165711954e-06,-3.4444242373865563e-06,-3.1833178582019173e-06,-2.922211479017278e-06,-2.661105099832639e-06,-2.399998720648e-06,-2.138892341463361e-06,-1.8777864170260727e-06,-1.6166800378414337e-06,-1.3555736586567946e-06,-1.0944672794721555e-06,-8.333609002875164e-07,-5.722545211028773e-07,-3.1114814191823825e-07,-5.0041307986248285e-08,2.110646164510399e-07,4.721705408883281e-07,7.332773748203181e-07,9.943837540049572e-07,1.2554901331895962e-06,1.5165965123742353e-06,1.7777028915588744e-06,2.0388092707435135e-06,2.2999156499281526e-06,2.5610215743654408e-06,2.82212795355008e-06,3.083234332734719e-06,3.344340711919358e-06,3.605447091103997e-06,3.866553470288636e-06,4.127659849473275e-06,4.388766228657914e-06,4.649872607842553e-06,4.9109789870271925e-06,5.1720853662118316e-06,5.433191745396471e-06,5.69429812458111e-06,5.955404049018398e-06,6.216510882950388e-06,6.477616807387676e-06,6.738723641319666e-06,6.999829565756954e-06,7.260935944941593e-06,7.522042324126232e-06,7.783149158058222e-06,8.04425508249551e-06,8.3053619164275e-06,8.566467840864789e-06],"_type":"histogram","values":[1,0,0,0,0,1,0,0,0,1,0,0,1,1,0,3,1,7,9,4,1,4,5,4,3,2,3,2,0,0,0,0,1,0,0,1,2,3,3,3,3,4,4,4,6,3,1,5,0,3,0,0,0,0,0,0,0,0,0,0,0,0,0,1]},"gradients/f2.0.0.weight":{"values":[1,0,0,0,2,0,1,0,0,1,0,0,0,1,4,1,0,2,3,2,5,6,9,9,15,23,19,46,63,118,204,462,831,1755,2795,1808,883,425,182,98,50,44,29,28,21,20,10,6,4,1,2,1,2,1,2,0,0,2,0,1,0,0,0,2],"bins":[-4.606003130902536e-06,-4.4725966290570796e-06,-4.339190581958974e-06,-4.205784080113517e-06,-4.0723775782680605e-06,-3.938971531169955e-06,-3.805565029324498e-06,-3.6721585274790414e-06,-3.53875225300726e-06,-3.405345978535479e-06,-3.2719394766900223e-06,-3.138533202218241e-06,-3.00512692774646e-06,-2.871720425901003e-06,-2.738314151429222e-06,-2.6049076495837653e-06,-2.471501375111984e-06,-2.338095100640203e-06,-2.2046885987947462e-06,-2.071282324322965e-06,-1.9378758224775083e-06,-1.8044695480057271e-06,-1.671063273533946e-06,-1.5376567716884892e-06,-1.404250497216708e-06,-1.2708442227449268e-06,-1.1374377208994702e-06,-1.004031446427689e-06,-8.706251719559077e-07,-7.372186701104511e-07,-6.038121682649944e-07,-4.704061211668886e-07,-3.3700007406878285e-07,-2.035935722233262e-07,-7.018752512522042e-08,6.321897672023624e-08,1.966254785656929e-07,3.300317530374741e-07,4.6343802750925533e-07,5.96844529354712e-07,7.302508038264932e-07,8.636570782982744e-07,9.97063580143731e-07,1.1304698546155123e-06,1.2638761290872935e-06,1.3972826309327502e-06,1.5306889054045314e-06,1.664095407249988e-06,1.7975016817217693e-06,1.9309079561935505e-06,2.064314458039007e-06,2.1977207325107884e-06,2.331127234356245e-06,2.4645335088280262e-06,2.5979397832998075e-06,2.731346285145264e-06,2.8647525596170453e-06,2.9981588340888266e-06,3.1315653359342832e-06,3.2649716104060644e-06,3.3983778848778456e-06,3.5317843867233023e-06,3.6651906611950835e-06,3.79859716304054e-06,3.932003437512321e-06],"_type":"histogram"},"gradients/f2.1.0.weight":{"_type":"histogram","values":[3,0,1,0,0,0,0,1,1,0,0,3,0,4,7,7,4,12,8,14,15,24,31,39,79,120,234,493,1103,1800,2797,1558,794,386,188,109,49,30,20,17,7,10,6,6,3,1,4,1,1,1,0,2,1,0,0,1,1,0,1,1,0,0,0,2],"bins":[-2.170632569686859e-06,-2.0990364646422677e-06,-2.0274403595976764e-06,-1.9558444819267606e-06,-1.8842483768821694e-06,-1.8126522718375782e-06,-1.741056166792987e-06,-1.6694600617483957e-06,-1.5978640703906422e-06,-1.5262680790328886e-06,-1.4546719739882974e-06,-1.3830758689437062e-06,-1.311479763899115e-06,-1.2398837725413614e-06,-1.1682876674967702e-06,-1.0966916761390166e-06,-1.0250955710944254e-06,-9.534994660498342e-07,-8.819034746920806e-07,-8.103073696474894e-07,-7.387113782897359e-07,-6.671152732451446e-07,-5.955191682005534e-07,-5.239231768427999e-07,-4.5232707179820864e-07,-3.807309667536174e-07,-3.091349753958639e-07,-2.3753887035127264e-07,-1.659427653066814e-07,-9.434666026209015e-08,-2.2750782591174357e-08,4.8845322453416884e-08,1.2044120012433268e-07,1.9203730516892392e-07,2.6363341021351516e-07,3.3522928788443096e-07,4.068253929290222e-07,4.784214979736134e-07,5.500176030182047e-07,6.216135943759582e-07,6.932096994205494e-07,7.648058044651407e-07,8.364017958228942e-07,9.079979008674854e-07,9.795940059120767e-07,1.0511899972698302e-06,1.1227861023144214e-06,1.194382093672175e-06,1.2659781987167662e-06,1.3375743037613574e-06,1.409170295119111e-06,1.4807664001637022e-06,1.5523623915214557e-06,1.623958496566047e-06,1.6955546016106382e-06,1.7671507066552294e-06,1.838746698012983e-06,1.9103426893707365e-06,1.9819387944153277e-06,2.053534899459919e-06,2.12513100450451e-06,2.1967271095491014e-06,2.2683229872200172e-06,2.3399190922646085e-06,2.4115151973091997e-06]},"_timestamp":1.7341040710462232e+09,"weight_0":1,"gradients/f2.0.0.bias":{"_type":"histogram","values":[1,0,0,0,0,2,0,3,1,2,2,3,1,1,4,1,1,5,5,8,3,5,4,4,6,7,1,4,5,5,3,0,4,2,1,0,2,1,1,0,0,1,0,0,0,0,0,0,0,0,0,0,0,0,0,0,0,0,0,0,0,0,0,1],