{"_step":11999,"_wandb":{"runtime":74},"boundary_loss_0":2.7033772553863855e-08,"gradients/f2.0.0.bias":{"_type":"histogram","values":[1,0,0,0,0,0,1,0,0,0,0,0,0,0,0,0,0,0,0,1,0,0,1,0,0,1,1,0,0,2,1,1,1,0,2,0,2,1,2,2,3,1,0,3,3,0,1,4,2,1,1,2,0,1,2,0,0,1,0,2,1,0,0,2],"bins":[-0.0001871977001428604,-0.00018294133769813925,-0.0001786849752534181,-0.00017442861280869693,-0.00017017225036397576,-0.0001659158879192546,-0.00016165952547453344,-0.00015740314847789705,-0.00015314680058509111,-0.00014889042358845472,-0.0001446340756956488,-0.0001403776986990124,-0.00013612133625429124,-0.00013186497380957007,-0.0001276086113648489,-0.00012335224892012775,-0.00011909588647540659,-0.00011483952403068542,-0.00011058316158596426,-0.0001063267991412431,-0.00010207043669652194,-9.781406697584316e-05,-9.3557704531122e-05,-8.930134208640084e-05,-8.504497964167967e-05,-8.078861719695851e-05,-7.653225475223735e-05,-7.227589230751619e-05,-6.801952258683741e-05,-6.376316014211625e-05,-5.9506797697395086e-05,-5.5250435252673924e-05,-5.099407280795276e-05,-4.67377103632316e-05,-4.248134791851044e-05,-3.8224985473789275e-05,-3.396862302906811e-05,-2.9712253308389336e-05,-2.5455890863668174e-05,-2.119952841894701e-05,-1.694316597422585e-05,-1.2686803529504687e-05,-8.430441084783524e-06,-4.174078640062362e-06,8.229108061641455e-08,4.338653525337577e-06,8.59501597005874e-06,1.2851378414779902e-05,1.7107740859501064e-05,2.1364103304222226e-05,2.562046574894339e-05,2.9876831831643358e-05,3.413319427636452e-05,3.838955672108568e-05,4.264592280378565e-05,4.6902285248506814e-05,5.1158647693227977e-05,5.541501013794914e-05,5.96713725826703e-05,6.392774230334908e-05,6.818410474807024e-05,7.24404671927914e-05,7.669682963751256e-05,8.095319208223373e-05,8.520955452695489e-05]},"MSE":9.121972510683918e-08,"gradients/f3.0.weight":{"_type":"histogram","values":[1,0,0,0,0,0,0,0,0,0,0,0,0,0,0,1,0,0,0,2,0,0,4,7,10,13,8,1,0,0,1,1,0,0,0,0,0,0,0,0,0,0,0,0,0,0,0,0,0,0,0,0,0,0,0,0,0,0,0,0,0,0,0,1],"bins":[-0.0025157665368169546,-0.0024142919573932886,-0.0023128173779696226,-0.0022113427985459566,-0.0021098682191222906,-0.0020083936396986246,-0.0019069191766902804,-0.0018054445972666144,-0.0017039700178429484,-0.0016024954384192824,-0.0015010208589956164,-0.0013995462795719504,-0.0012980718165636063,-0.0011965972371399403,-0.0010951226577162743,-0.0009936480782926083,-0.0008921734988689423,-0.0007906989194452763,-0.0006892243400216103,-0.0005877497605979443,-0.00048627518117427826,-0.00038480060175061226,-0.00028332602232694626,-0.00018185144290328026,-8.037709631025791e-05,2.109748311340809e-05,0.0001225720625370741,0.0002240466419607401,0.0003255212213844061,0.0004269958008080721,0.0005284703802317381,0.0006299449596554041,0.0007314197719097137,0.0008328943513333797,0.0009343689307570457,0.0010358435101807117,0.0011373180896043777,0.0012387926690280437,0.0013402672484517097,0.0014417418278753757,0.0015432164072990417,0.001644690753892064,0.00174616533331573,0.001847639912739396,0.001949114492163062,0.002050589071586728,0.002152063651010394,0.00225353823043406,0.002355012809857726,0.002456487389281392,0.002557961968705058,0.002659436548128724,0.00276091112755239,0.0028623854741454124,0.0029638600535690784,0.0030653346329927444,0.0031668092124164104,0.0032682837918400764,0.0033697583712637424,0.0034712329506874084,0.0035727075301110744,0.0036741821095347404,0.0037756566889584064,0.0038771312683820724,0.0039786058478057384]},"boundary_loss_1":2.7272058389371523e-08,"_timestamp":1.7378453063934572e+09,"_runtime":74.5898624,"pde_loss":0.0005021764663979411,"loss":0.0005022307741455734,"gradients/f3.0.bias":{"values":[1],"bins":[-8.771021384745836e-07,-8.771021384745836e-07],"_type":"histogram"},"gradients/f2.1.0.bias":{"bins":[-0.00012863660231232643,-0.00012347675510682166,-0.00011831690062535927,-0.00011315704614389688,-0.0001079971989383921,-0.00010283734445692971,-9.767748997546732e-05,-9.251764276996255e-05,-8.735778828850016e-05,-8.219793380703777e-05,-7.7038086601533e-05,-7.18782321200706e-05,-6.671837763860822e-05,-6.155853043310344e-05,-5.639867595164105e-05,-5.123882874613628e-05,-4.607897426467389e-05,-4.09191197832115e-05,-3.5759272577706724e-05,-3.0599418096244335e-05,-2.543957089073956e-05,-2.027971640927717e-05,-1.5119861927814782e-05,-9.960014722310007e-06,-4.800152964890003e-06,3.5969424061477184e-07,5.519541446119547e-06,1.0679388651624322e-05,1.5839250409044325e-05,2.09990976145491e-05,2.6158944820053875e-05,3.131880657747388e-05,3.647866833489388e-05,4.163851554039866e-05,4.679837729781866e-05,5.1958224503323436e-05,5.711807170882821e-05,6.227793346624821e-05,6.743778067175299e-05,7.259762787725776e-05,7.775747508276254e-05,8.291733684018254e-05,8.807718404568732e-05,9.323703852714971e-05,9.83968930086121e-05,0.00010355674021411687,0.00010871659469557926,0.00011387644190108404,0.00011903629638254642,0.0001241961435880512,0.00012935599079355597,0.00013451585255097598,0.00013967569975648075,0.00014483556151390076,0.00014999540871940553,0.0001551552559249103,0.00016031510313041508,0.00016547496488783509,0.00017063481209333986,0.00017579467385075986,0.00018095452105626464,0.00018611436826176941,0.0001912742154672742,0.0001964340772246942,0.00020159392443019897],"_type":"histogram","values":[1,0,0,0,0,0,1,0,0,0,0,0,1,0,0,1,0,1,0,1,0,0,2,4,8,8,5,2,1,1,1,2,1,1,0,1,1,2,1,1,0,0,0,0,0,1,0,0,0,0,0,0,0,0,0,0,0,0,0,0,0,0,0,1]},"gradients/f1.0.bias":{"_type":"histogram","values":[1,0,0,0,0,0,0,0,2,0,0,0,0,0,0,0,1,0,1,0,0,0,3,0,1,2,1,0,1,0,0,2,1,1,1,2,0,4,0,2,3,2,2,1,2,1,1,2,3,1,1,1,0,0,1,0,0,1,0,1,0,0,0,1],"bins":[-0.00016226992011070251,-0.00015818793326616287,-0.000154105931869708,-0.00015002393047325313,-0.0001459419436287135,-0.00014185995678417385,-0.00013777795538771898,-0.0001336959539912641,-0.00012961396714672446,-0.00012553198030218482,-0.00012144997890572995,-0.00011736798478523269,-0.00011328599066473544,-0.00010920399654423818,-0.00010512200242374092,-0.00010104000830324367,-9.695801418274641e-05,-9.287602006224915e-05,-8.87940259417519e-05,-8.471203182125464e-05,-8.063003770075738e-05,-7.654804358026013e-05,-7.246604945976287e-05,-6.838405533926561e-05,-6.430206121876836e-05,-6.02200670982711e-05,-5.6138072977773845e-05,-5.205607885727659e-05,-4.797408473677933e-05,-4.3892090616282076e-05,-3.981009649578482e-05,-3.572809509932995e-05,-3.1646108254790306e-05,-2.7564121410250664e-05,-2.3482120013795793e-05,-1.9400125893298537e-05,-1.531813177280128e-05,-1.1236137652304024e-05,-7.154143531806767e-06,-3.0721494113095105e-06,1.009844709187746e-06,5.0918388296850026e-06,9.173832950182259e-06,1.3255827070679516e-05,1.7337821191176772e-05,2.141981531167403e-05,2.5501809432171285e-05,2.958380355266854e-05,3.36657976731658e-05,3.7747791793663055e-05,4.182978591416031e-05,4.591178003465757e-05,4.9993774155154824e-05,5.407576827565208e-05,5.815776239614934e-05,6.22397565166466e-05,6.632175063714385e-05,7.040374475764111e-05,7.448573887813836e-05,7.856773299863562e-05,8.264972711913288e-05,8.673172123963013e-05,9.081371536012739e-05,9.489570948062465e-05,9.89777036011219e-05]},