{"_timestamp":1.7341035129586523e+09,"pde_loss":2.6001172065734863,"loss":2.653857946395874,"weight_1":1,"MSE":0.041446857154369354,"_wandb":{"runtime":1},"boundary_loss_0":0.04559298977255821,"boundary_loss_1":0.008147787302732468,"_runtime":1.2278927,"weight_0":1,"_step":59}