{"gradients/graph_6f2.1.0.bias":{"values":[1,0,0,0,0,0,0,0,0,0,0,0,0,1,1,0,0,1,0,0,2,1,1,3,2,3,3,4,7,1,3,2,1,4,5,2,1,6,2,8,4,5,2,1,4,6,1,2,1,0,2,0,0,1,1,2,1,0,0,1,0,0,0,1],"bins":[-5.178626906854333e-06,-5.03962019138271e-06,-4.9006134759110864e-06,-4.761607215186814e-06,-4.62260049971519e-06,-4.483593784243567e-06,-4.3445870687719434e-06,-4.20558035330032e-06,-4.0665736378286965e-06,-3.927567377104424e-06,-3.7885606616328005e-06,-3.649553946161177e-06,-3.5105472306895535e-06,-3.3715407425916055e-06,-3.232534027119982e-06,-3.093527539022034e-06,-2.9545208235504106e-06,-2.815514108078787e-06,-2.676507619980839e-06,-2.5375009045092156e-06,-2.3984944164112676e-06,-2.259487700939644e-06,-2.1204809854680207e-06,-1.9814744973700726e-06,-1.8424677818984492e-06,-1.7034610664268257e-06,-1.5644545783288777e-06,-1.4254478628572542e-06,-1.2864411473856308e-06,-1.1474344319140073e-06,-1.0084281711897347e-06,-8.694214557181112e-07,-7.304151949938387e-07,-5.914084795222152e-07,-4.5240176405059174e-07,-3.1339550332631916e-07,-1.743887878546957e-07,-3.538207238307223e-08,1.0362464308855124e-07,2.4263113118649926e-07,3.816378466581227e-07,5.206445621297462e-07,6.596510502276942e-07,7.986577656993177e-07,9.376644811709411e-07,1.0766709692688892e-06,1.2156776847405126e-06,1.3546841728384607e-06,1.4936908883100841e-06,1.6326976037817076e-06,1.7717040918796556e-06,1.910710807351279e-06,2.049717295449227e-06,2.1887240109208506e-06,2.327730726392474e-06,2.4667374418640975e-06,2.6057439299620455e-06,2.7447504180599935e-06,2.883757133531617e-06,3.0227638490032405e-06,3.161770564474864e-06,3.300777052572812e-06,3.4397837680444354e-06,3.5787902561423834e-06,3.717796971614007e-06],"_type":"histogram"},"gradients/graph_6f2.1.0.weight":{"values":[1,0,0,1,3,0,4,2,2,1,3,1,8,4,8,7,14,9,20,24,32,54,55,75,117,207,397,788,1366,2127,1991,1195,581,330,170,118,71,42,50,29,25,16,10,11,5,1,3,3,2,0,5,3,0,1,1,0,2,1,1,0,0,0,0,3],"bins":[-1.4723372260050382e-05,-1.423074172635097e-05,-1.3738111192651559e-05,-1.3245480658952147e-05,-1.2752849215758033e-05,-1.2260219591553323e-05,-1.176758814835921e-05,-1.1274957614659797e-05,-1.0782327080960386e-05,-1.0289696547260974e-05,-9.797066013561562e-06,-9.304434570367448e-06,-8.811804946162738e-06,-8.319173502968624e-06,-7.826542969269212e-06,-7.3339124355698004e-06,-6.8412819018703885e-06,-6.348651368170977e-06,-5.856020834471565e-06,-5.363390300772153e-06,-4.870759767072741e-06,-4.378128323878627e-06,-3.885497790179215e-06,-3.3928672564798035e-06,-2.9002367227803916e-06,-2.4076061890809797e-06,-1.9149756553815678e-06,-1.4223451216821559e-06,-9.297136784880422e-07,-4.370831447886303e-07,5.554738891078159e-08,5.481770131154917e-07,1.0408093658043072e-06,1.5334408089984208e-06,2.026070433203131e-06,2.518700966902543e-06,3.0113315006019548e-06,3.5039629437960684e-06,3.99659347749548e-06,4.489224011194892e-06,4.981854544894304e-06,5.474485078593716e-06,5.967115612293128e-06,6.45974614599254e-06,6.9523775891866535e-06,7.445008122886065e-06,7.937638656585477e-06,8.43026919028489e-06,8.922899723984301e-06,9.415530257683713e-06,9.908160791383125e-06,1.0400792234577239e-05,1.0893421858781949e-05,1.1386053301976062e-05,1.1878683835675474e-05,1.2371314369374886e-05,1.2863944903074298e-05,1.335657543677371e-05,1.3849205970473122e-05,1.4341836504172534e-05,1.4834467947366647e-05,1.5327097571571358e-05,1.581972901476547e-05,1.631235863897018e-05,1.6804990082164295e-05],"_type":"histogram"},"gradients/graph_6f2.0.0.bias":{"values":[1,0,0,0,0,0,0,0,0,0,0,0,0,0,0,0,0,0,0,0,0,0,0,1,0,0,0,1,2,4,1,4,3,9,8,4,6,8,8,4,6,4,4,4,4,2,2,3,1,1,0,0,1,0,0,0,1,1,0,0,0,1,0,1],"bins":[-1.5372828784165904e-05,-1.49827492350596e-05,-1.4592668776458595e-05,-1.4202589227352291e-05,-1.3812509678245988e-05,-1.3422430129139684e-05,-1.3032349670538679e-05,-1.2642270121432375e-05,-1.2252190572326072e-05,-1.1862110113725066e-05,-1.1472030564618763e-05,-1.1081951015512459e-05,-1.0691870556911454e-05,-1.030179100780515e-05,-9.911711458698846e-06,-9.521631000097841e-06,-9.131551450991537e-06,-8.741471901885234e-06,-8.351391443284228e-06,-7.961311894177925e-06,-7.571232345071621e-06,-7.181151886470616e-06,-6.791072337364312e-06,-6.400992788258009e-06,-6.010912329657003e-06,-5.6208327805507e-06,-5.230753231444396e-06,-4.8406736823380925e-06,-4.450593223737087e-06,-4.0605136746307835e-06,-3.67043412552448e-06,-3.2803536669234745e-06,-2.890273208322469e-06,-2.5001936592161655e-06,-2.11011320061516e-06,-1.7200336515088566e-06,-1.329954102402553e-06,-9.398736438015476e-07,-5.49794094695244e-07,-1.5971454558894038e-07,2.3036500351736322e-07,6.204454621183686e-07,1.0105250112246722e-06,1.4006045603309758e-06,1.7906850189319812e-06,2.1807645680382848e-06,2.5708445718919393e-06,2.960924120998243e-06,3.3510041248518974e-06,3.741084128705552e-06,4.1311636778118555e-06,4.52124368166551e-06,4.9113232307718135e-06,5.301403234625468e-06,5.6914832384791225e-06,6.081562787585426e-06,6.471642791439081e-06,6.861722795292735e-06,7.251802344399039e-06,7.641881893505342e-06,8.031962352106348e-06,8.422041901212651e-06,8.812121450318955e-06,9.20220190891996e-06,9.592281458026264e-06],"_type":"histogram"},"MSE":9.227068886730194e-08,"gradients/graph_6f2.0.0.weight":{"values":[1,0,0,0,1,1,0,0,0,0,1,0,6,7,5,4,10,5,12,14,10,24,20,38,41,65,70,82,126,190,294,489,779,1322,2112,1621,891,526,369,237,148,111,68,82,50,44,21,25,17,11,8,11,9,2,4,6,3,3,1,0,1,0,0,2],"bins":[-2.4321438104379922e-05,-2.362040504522156e-05,-2.2919371986063197e-05,-2.2218338926904835e-05,-2.1517305867746472e-05,-2.0816274627577513e-05,-2.011524156841915e-05,-1.941420850926079e-05,-1.8713175450102426e-05,-1.8012142390944064e-05,-1.73111093317857e-05,-1.661007627262734e-05,-1.590904503245838e-05,-1.5208011063805316e-05,-1.4506978914141655e-05,-1.3805945854983293e-05,-1.310491279582493e-05,-1.2403879736666568e-05,-1.1702846677508205e-05,-1.1001814527844545e-05,-1.0300781468686182e-05,-9.59974840952782e-06,-8.898716259864159e-06,-8.197683200705796e-06,-7.496650141547434e-06,-6.795617082389072e-06,-6.094584023230709e-06,-5.393550964072347e-06,-4.692519723903388e-06,-3.991486664745025e-06,-3.290453605586663e-06,-2.5894205464283004e-06,-1.8883893062593415e-06,-1.187356247100979e-06,-4.863231879426166e-07,2.147098712157458e-07,9.157429303741083e-07,1.6167741705430672e-06,2.3178072297014296e-06,3.018840288859792e-06,3.7198733480181545e-06,4.420906407176517e-06,5.121939466334879e-06,5.82297161599854e-06,6.5240046751569025e-06,7.225037734315265e-06,7.926069883978926e-06,8.627102943137288e-06,9.32813600229565e-06,1.0029169061454013e-05,1.0730202120612375e-05,1.1431234270276036e-05,1.2132267329434399e-05,1.2833300388592761e-05,1.3534332538256422e-05,1.4235365597414784e-05,1.4936398656573147e-05,1.563743171573151e-05,1.633846477488987e-05,1.7039497834048234e-05,1.7740530893206596e-05,1.8441562133375555e-05,1.9142595192533918e-05,1.984362825169228e-05,2.0544661310850643e-05],"_type":"histogram"},"_wandb":{"runtime":114},"boundary_loss_1":3.045544261226496e-09,"_step":17999,"gradients/graph_6f1.0.bias":{"_type":"histogram","values":[1,1,0,0,0,0,0,2,1,0,0,1,1,0,0,2,2,1,5,4,2,8,6,6,1,3,2,4,3,7,7,4,1,3,2,0,4,2,1,2,1,0,3,0,1,1,0,2,0,0,0,0,1,0,0,0,0,0,0,0,1,0,0,1],